OTU,New_ID
20111000_P3M_37,micro1685
PLND01,micro1684
20140700_E15_11,micro1683
20120600_E1D_38,micro1682
20170700_E15_8,micro1681
20110800_E3D_30,micro1680
20110800_E3D_17,micro1679
20130700_C2M_17,micro1678
20120600_E3D_18,micro1677
3300037076_10,micro1676
20130700_C1D_18,micro1675
Fen.Unlabelled.R3.T1.F2.trimmomatic.metaspades_bin.17_87.24_2.27,micro1674
PMCF01,micro1673
3300036884_16,micro1672
20130700_E2M_4,micro1671
20120700_E2D_6,micro1670
PMBW01,micro1669
20130700_C1D_6,micro1668
20160700_E33_2,micro1667
20111000_E3D_3,micro1666
PMCB01,micro1665
3300037104_22,micro1664
3300037225_15,micro1663
20130700_E3X_9,micro1662
20120800_E3S_18,micro1661
3300031726_9,micro1660
20120800_E2D_18,micro1659
20130700_C1M_6,micro1658
20120700_P3D_100,micro1657
20110800_E3S_2,micro1656
20110800_E2D_35,micro1655
20110800_E2S_1,micro1654
20120800_E3D_7,micro1653
20120500_P19_7,micro1652
20110800_E2S_4,micro1651
20110800_E3D_16,micro1650
20120800_E3X_22,micro1649
20120600_E1D_32,micro1648
PMKN01,micro1647
PLLE01,micro1646
20110800_E3D_28,micro1645
20110800_E3D_40,micro1644
20110800_E1D_1,micro1643
PMXQ01,micro1642
20120800_E1D_19,micro1641
PMBR01,micro1640
Fen.Labelled.R3.T2.F4.JGI.BFC.metaspades_bin.9_70.09_1.38,micro1639
20120600_E3D_45,micro1638
20130700_E2M_2,micro1637
20130700_E1Y_3,micro1636
PLMA01,micro1635
20130700_E3Z_8,micro1634
20110800_E1D_5,micro1633
20110800_E1D_6,micro1632
20120700_P3D_108,micro1631
20130700_C2M_3,micro1630
PMJT01,micro1629
20120600_E2D_41,micro1628
20130700_C1D_19,micro1627
20130700_C2M_16,micro1626
20120600_E1D_30,micro1625
20120600_E2D_36,micro1624
20130700_C2X_12,micro1623
20140700_E15_14,micro1622
20120600_E2D_57,micro1621
20130700_C2Y_6,micro1620
20120600_E3D_48,micro1619
20120600_E1D_48,micro1618
20120600_E1D_52,micro1617
PMBG01,micro1616
20120600_E1D_51,micro1615
20130700_E3Z_10,micro1614
PKWP01,micro1613
PNAZ01,micro1612
20120700_P3D_10,micro1611
PLZO01,micro1610
Fen.Unlabelled.R2.T1.F3.trimmomatic.megahit_bin.38_73.55_6.79,micro1609
20120700_P3D_13,micro1608
20120500_P36_8,micro1607
20110800_P1D_16,micro1606
20111000_P3M_22,micro1605
3300037049_16,micro1604
3300038461_16,micro1603
20110600_P1M_11,micro1602
20111000_P3M_41,micro1601
Palsa.None.R2.T0.JGI.BFC.metaspades_bin.157_84.48_2.02,micro1600
3300037207_8,micro1599
PMBQ01,micro1598
PLNS01,micro1597
3300037155_12,micro1596
3300038519_6,micro1595
3300037132_13,micro1594
20120600_E3D_36,micro1593
PMAZ01,micro1592
PLYI01,micro1591
20120700_S1D_12,micro1590
20170700_S35_8,micro1589
20120700_S1D_70,micro1588
20120500_P19_3,micro1587
20110800_E2D_12,micro1586
PMMV01,micro1585
Fen.Labelled.R3.T1.F1.trimmomatic.metaspades_bin.4_83.17_2.00,micro1584
20120700_P3D_99,micro1583
PMGM01,micro1582
20160700_E25_7,micro1581
PLTK01,micro1580
20100900_E3D_5,micro1579
20110700_S2D_21,micro1578
3300037136_8,micro1577
PMBU01,micro1576
20110800_E3D_10,micro1575
20110800_E2S_11,micro1574
20120800_E2X_5,micro1573
PMEE01,micro1572
PLGY01,micro1571
20110800_E3D_36,micro1570
20120800_E1X_9,micro1569
3300039216_15,micro1568
20120800_E1X_3,micro1567
20120700_E1X_4,micro1566
20110800_E1S_5,micro1565
3300037089_14,micro1564
20130700_E3Z_4,micro1563
20130700_C1D_1,micro1562
3300037365_14,micro1561
PMKW01,micro1560
20120700_E3M_5,micro1559
3300037062_11,micro1558
3300037104_21,micro1557
3300037104_19,micro1556
PMNG01,micro1555
20120600_E2D_39,micro1554
20140700_E14_1,micro1553
20120700_S1D_59,micro1552
20120800_E3X_18,micro1551
20111000_P3M_28,micro1550
PLYD01,micro1549
20120500_P36_7,micro1548
PLYZ01,micro1547
PNAG01,micro1546
20170700_S25_25,micro1545
3300037316_10,micro1544
20111000_P2D_6,micro1543
20120500_P24_7,micro1542
20120700_P2D_10,micro1541
20111000_P2D_14,micro1540
20140700_E22_12,micro1539
20150700_S23_3,micro1538
Bog.None.R3.T0.JGI.BFC.metaspades_bin.148_73.61_7.22,micro1537
20130700_C2X_13,micro1536
20110800_E2D_15,micro1535
PLNE01,micro1534
20120500_P26_8,micro1533
20120700_P3D_89,micro1532
20111000_P1M_1,micro1531
20120700_P3D_66,micro1530
PLZA01,micro1529
PMOL01,micro1528
PKWB01,micro1527
20120500_P23_1,micro1526
20120500_P15_4,micro1525
PNBE01,micro1524
Palsa.None.R2.T0.JGI.BFC.metaspades_bin.128_97.22_0.00,micro1523
3300037090_15,micro1522
PLZJ01,micro1521
20140700_E15_15,micro1520
20120800_E2X_3,micro1519
3300037076_25,micro1518
20170700_E11_1,micro1517
20110600_P1D_7,micro1516
3300028776_13,micro1515
PLYP01,micro1514
3300037222_12,micro1513
PKXF01,micro1512
3300037076_30,micro1511
3300037134_11,micro1510
PLTT01,micro1509
3300038461_13,micro1508
3300037132_15,micro1507
20120600_E1D_5,micro1506
PMJF01,micro1505
20111000_P3M_12,micro1504
20150700_E15_13,micro1503
PLSR01,micro1502
PLXZ01,micro1501
Bog.None.R1.T0.trimmomatic.megahit_bin.25_70.90_0.94,micro1500
Fen.Labelled.R1.T3.F2.trimmomatic.megahit_bin.7_75.84_0.00,micro1499
3300037155_22,micro1498
Bog.None.R2.T0.trimmomatic.megahit_bin.251_70.02_6.28,micro1497
20120700_P3D_8,micro1496
20120800_E1X_21,micro1495
20110800_E3D_4,micro1494
20130700_C1Y_7,micro1493
3300036913_19,micro1492
Bog.Labelled.R1.T2.F1.JGI.BFC.metaspades_bin.57_80.23_1.26,micro1491
20120700_S3D_8,micro1490
20120800_E3X_29,micro1489
3300037226_12,micro1488
PMIU01,micro1487
PMDZ01,micro1486
PLYL01,micro1485
Fen.Labelled.R1.T3.F1.trimmomatic.metaspades_bin.46_84.21_3.03,micro1484
PLYC01,micro1483
20120700_P3D_123,micro1482
3300037129_8,micro1481
PMDG01,micro1480
PMDX01,micro1479
20120600_E2D_16,micro1478
PMCC01,micro1477
20120500_P28_14,micro1476
20170700_S33_33,micro1475
20120600_E2D_24,micro1474
20120600_E3D_41,micro1473
20120600_E1D_9,micro1472
PMKK01,micro1471
20130700_C1D_14,micro1470
20110800_E2D_31,micro1469
Bog.None.R3.T0.trimmomatic.megahit_bin.55_94.74_3.88,micro1468
PLTW01,micro1467
20120600_E2D_38,micro1466
20120600_E3D_49,micro1465
20120500_P19_12,micro1464
20120600_E3D_20,micro1463
20110800_E2D_6,micro1462
20120600_E3D_25,micro1461
20110800_P1M_14,micro1460
20111000_P3D_3,micro1459
20120700_P3D_39,micro1458
20120600_P2M_7,micro1457
20111000_P1D_7,micro1456
20140700_S33_2,micro1455
3300037200_7,micro1454
20110600_P3S_11,micro1453
Palsa.None.R2.T0.JGI.BFC.metaspades_bin.158_96.58_0.85,micro1452
Palsa.Labelled.R3.T1.F3.trimmomatic.megahit_bin.10_90.51_2.85,micro1451
20110600_P2S_1,micro1450
20111000_S1D_3,micro1449
3300037239_6,micro1448
Palsa.None.R2.T0.JGI.BFC.metaspades_bin.311_71.88_3.42,micro1447
20110800_E2D_33,micro1446
20120700_P3D_51,micro1445
Palsa.Labelled.R3.T1.F3.JGI.BFC.metaspades_bin.45_83.28_6.50,micro1444
20120700_P3D_5,micro1443
20110800_P1M_16,micro1442
20120700_P3D_57,micro1441
Palsa.None.R2.T0.JGI.BFC.metaspades_bin.266_95.09_2.14,micro1440
Palsa.None.R2.T0.JGI.BFC.metaspades_bin.239_74.60_5.56,micro1439
20120700_P3D_130,micro1438
20120700_P3D_84,micro1437
20150700_P14_7,micro1436
20120600_E2D_21,micro1435
20150700_P15_3,micro1434
20120700_P3D_116,micro1433
20110800_S3D_3,micro1432
Palsa.Unlabelled.R3.T2.F3.JGI.BFC.metaspades_bin.23_95.38_0.50,micro1431
20140700_S31_9,micro1430
20110600_P3S_5,micro1429
20120500_P23_6,micro1428
20120700_P3D_68,micro1427
Palsa.Labelled.R3.T1.F3.JGI.BFC.metaspades_bin.75_85.15_2.19,micro1426
3300037110_7,micro1425
Palsa.Unlabelled.R2.T3.F3.trimmomatic.megahit_bin.329_90.03_5.09,micro1424
20170700_S33_37,micro1423
20110800_S3S_35,micro1422
Palsa.Labelled.R1.T1.F3.trimmomatic.metaspades_bin.56_91.47_0.17,micro1421
20120700_P3D_38,micro1420
Palsa.Labelled.R1.T1.F3.trimmomatic.metaspades_bin.65_73.50_0.43,micro1419
Palsa.Unlabelled.R2.T3.F3.JGI.BFC.metaspades_bin.15_88.82_6.04,micro1418
20110600_P3S_13,micro1417
Palsa.Unlabelled.R2.T3.F3.JGI.BFC.metaspades_bin.264_97.44_0.71,micro1416
20110600_P3S_9,micro1415
20120600_P3M_4,micro1414
20120700_P3D_32,micro1413
20100900_E1D_13,micro1412
20110800_E3D_5,micro1411
20120500_P19_4,micro1410
20110800_E1D_2,micro1409
20100900_E3D_12,micro1408
20130700_C1D_16,micro1407
20120500_P19_1,micro1406
20111000_P2D_12,micro1405
20110600_P1D_4,micro1404
20110800_P1M_5,micro1403
20111000_P1D_14,micro1402
20120700_P3D_110,micro1401
20110800_P2D_12,micro1400
20120500_P13_10,micro1399
20120700_P3D_55,micro1398
20110800_P2D_17,micro1397
20111000_P3M_4,micro1396
PLXJ01,micro1395
20111000_P3M_16,micro1394
Palsa.Unlabelled.R2.T3.F3.JGI.BFC.metaspades_bin.234_85.78_3.99,micro1393
20120500_P39_7,micro1392
20170700_S25_36,micro1391
Palsa.Labelled.R1.T1.F3.JGI.BFC.metaspades_bin.27_84.23_6.23,micro1390
20111000_S1D_14,micro1389
20110800_S1S_3,micro1388
Bog.Unlabelled.R1.T2.F3.JGI.BFC.metaspades_bin.31_85.09_2.29,micro1387
20120700_S1D_43,micro1386
Fen.Labelled.R1.T1.F4.trimmomatic.metaspades_bin.45_92.53_1.84,micro1385
Fen.Unlabelled.R3.T3.F4.trimmomatic.metaspades_bin.10_87.51_4.28,micro1384
PMSU01,micro1383
20110700_P1S_10,micro1382
20160700_P15_16,micro1381
Palsa.None.R2.T0.JGI.BFC.metaspades_bin.15_76.90_1.72,micro1380
3300037394_5,micro1379
20110700_P1S_11,micro1378
20160700_S34_5,micro1377
20111000_P1S_5,micro1376
20130700_C2M_2,micro1375
20110700_S3M_18,micro1374
20110800_P3S_8,micro1373
20110700_P1M_3,micro1372
20170700_S33_22,micro1371
20130700_S3M_11,micro1370
PMOU01,micro1369
Palsa.Labelled.R3.T1.F3.JGI.BFC.metaspades_bin.68_75.40_6.88,micro1368
20120600_P2M_9,micro1367
PMST01,micro1366
20120700_P3D_23,micro1365
20111000_P3M_45,micro1364
Fen.Unlabelled.R4.T3.F4.trimmomatic.megahit_bin.1_91.07_1.12,micro1363
20120600_E1D_25,micro1362
Fen.Unlabelled.R1.T1.F4.trimmomatic.metaspades_bin.21_75.31_0.26,micro1361
PMBM01,micro1360
PMLO01,micro1359
Bog.Unlabelled.R2.T3.F3.trimmomatic.metaspades_bin.103_98.32_1.01,micro1358
Fen.Unlabelled.R2.T3.F4.JGI.BFC.metaspades_bin.7_85.11_2.41,micro1357
Fen.Unlabelled.R3.T3.F3.JGI.BFC.metaspades_bin.1_80.98_2.08,micro1356
20120600_E3D_33,micro1355
PKWT01,micro1354
20111000_P1D_6,micro1353
20120600_E2D_33,micro1352
20120700_E2X_1,micro1351
20110800_P1D_21,micro1350
20120500_P38_1,micro1349
20120700_P3D_135,micro1348
20111000_P3M_35,micro1347
Fen.Unlabelled.R1.T3.F4.trimmomatic.megahit_bin.27_72.03_1.57,micro1346
20110800_P1D_3,micro1345
20120700_P3D_72,micro1344
20110600_P1M_23,micro1343
PLJD01,micro1342
Palsa.None.R2.T0.JGI.BFC.metaspades_bin.50_91.45_2.99,micro1341
20120600_P3S_2,micro1340
Palsa.None.R2.T0.JGI.BFC.metaspades_bin.147_84.14_8.29,micro1339
20160700_P15_13,micro1338
Palsa.Labelled.R3.T1.F2.trimmomatic.metaspades_bin.5_93.42_1.45,micro1337
20110800_P2D_8,micro1336
PMOO01,micro1335
20120600_E1D_41,micro1334
20120700_S1D_115,micro1333
PMWT01,micro1332
Palsa.None.R2.T0.JGI.BFC.metaspades_bin.65_88.41_5.13,micro1331
20111000_P3M_19,micro1330
20111000_P3M_46,micro1329
20130700_S1Z_14,micro1328
20120700_S3X_18,micro1327
20170700_P34_4,micro1326
20120600_E2D_28,micro1325
20120700_P3D_97,micro1324
20150700_P24_5,micro1323
20160700_S13_16,micro1322
20120700_S1X_2,micro1321
20110800_S1D_5,micro1320
20140700_E14_11,micro1319
20110800_E3D_9,micro1318
20130700_P1Y_3,micro1317
20120500_P32_5,micro1316
20120700_P3D_115,micro1315
20120500_P23_4,micro1314
20160700_S23_14,micro1313
20110800_S1M_17,micro1312
20170700_S34_26,micro1311
20120700_S1D_66,micro1310
20110800_S1M_32,micro1309
20110800_S1S_1,micro1308
3300037353_11,micro1307
20120600_S2M_9,micro1306
Bog.Unlabelled.R3.T3.F3.JGI.BFC.metaspades_bin.142_81.20_4.70,micro1305
PLRX01,micro1304
Bog.Unlabelled.R3.T2.F3.trimmomatic.metaspades_bin.165_74.19_4.27,micro1303
20110700_P2D_29,micro1302
3300037549_16,micro1301
Bog.None.R2.T0.trimmomatic.megahit_bin.247_70.69_0.00,micro1300
20110800_P1D_20,micro1299
20120700_P3D_125,micro1298
20111000_P2D_11,micro1297
Bog.Unlabelled.R3.T2.F3.trimmomatic.metaspades_bin.5_81.58_0.43,micro1296
20170700_S33_13,micro1295
20110700_P2D_26,micro1294
Bog.Unlabelled.R3.T1.F3.JGI.BFC.metaspades_bin.53_92.50_2.78,micro1293
Palsa.None.R2.T0.JGI.BFC.metaspades_bin.247_71.06_5.63,micro1292
20110800_P1D_31,micro1291
PKYA01,micro1290
PMLV01,micro1289
Palsa.Unlabelled.R2.T3.F3.trimmomatic.megahit_bin.239_79.17_2.28,micro1288
20110800_S1S_9,micro1287
20170700_S34_32,micro1286
20110700_P2D_37,micro1285
20110700_P2M_8,micro1284
3300037316_8,micro1283
20110600_P1M_24,micro1282
20120600_S3D_1,micro1281
PLWZ01,micro1280
20110600_P1M_4,micro1279
20111000_P2M_3,micro1278
20120500_P23_5,micro1277
PMON01,micro1276
20111000_P3M_7,micro1275
20130700_S2S_8,micro1274
20120700_S1S_3,micro1273
20110800_S1S_6,micro1272
20120700_S3X_22,micro1271
20150700_P13_8,micro1270
PKXJ01,micro1269
PLNQ01,micro1268
20110600_P1M_25,micro1267
20120500_P32_7,micro1266
20120700_P3D_136,micro1265
20111000_P3M_11,micro1264
20120700_S1D_96,micro1263
20120700_P3D_9,micro1262
PMTF01,micro1261
20110800_P1D_22,micro1260
20120500_P17_2,micro1259
20140700_S31_6,micro1258
20120600_S3D_7,micro1257
20120500_P27_1,micro1256
20140700_S15_2,micro1255
20150700_P14_12,micro1254
20130700_S3M_8,micro1253
20130700_S3Z_17,micro1252
20140700_S21_3,micro1251
20111000_P2D_13,micro1250
3300037159_8,micro1249
20120700_P3D_25,micro1248
20120700_P3D_141,micro1247
PKYK01,micro1246
20120700_S1S_11,micro1245
20160700_E21_3,micro1244
20140700_S11_5,micro1243
20170700_E11_3,micro1242
20120600_S1S_4,micro1241
20120500_P28_2,micro1240
20170700_S34_13,micro1239
20120600_S2D_17,micro1238
20120600_E1D_42,micro1237
20120500_P27_3,micro1236
Bog.Unlabelled.R1.T2.F3.trimmomatic.metaspades_bin.68_86.32_3.16,micro1235
20110700_P2D_30,micro1234
PLEI01,micro1233
PLZB01,micro1232
20120500_P32_4,micro1231
20110600_P1M_22,micro1230
3300037155_10,micro1229
20170700_S34_2,micro1228
20110600_P1M_20,micro1227
PMCN01,micro1226
3300036886_17,micro1225
PLBN01,micro1224
20120700_P3D_22,micro1223
20120500_P33_4,micro1222
20140700_S11_7,micro1221
20110700_P2S_6,micro1220
20150700_P21_5,micro1219
Palsa.Labelled.R3.T1.F2.trimmomatic.metaspades_bin.24_90.12_0.10,micro1218
20120500_P13_9,micro1217
20120800_P1D_3,micro1216
20120600_P3M_1,micro1215
20110700_P3D_13,micro1214
20160700_P15_8,micro1213
20110800_P3M_18,micro1212
20120500_P31_6,micro1211
20110700_P2M_2,micro1210
20110600_P1M_6,micro1209
20120700_P3S_3,micro1208
20170700_P24_4,micro1207
20111000_S3S_8,micro1206
20120600_S2M_11,micro1205
20110800_S1S_8,micro1204
Bog.Unlabelled.R3.T3.F3.JGI.BFC.metaspades_bin.63_96.30_0.08,micro1203
PLTN01,micro1202
20150700_P15_1,micro1201
20120700_S1D_69,micro1200
20140700_S21_17,micro1199
20150700_P11_6,micro1198
Palsa.None.R2.T0.JGI.BFC.metaspades_bin.296_95.83_0.00,micro1197
20110600_P1M_7,micro1196
20150700_P21_8,micro1195
Palsa.Unlabelled.R1.T3.F3.trimmomatic.metaspades_bin.126_94.83_0.00,micro1194
20110600_P1M_10,micro1193
20120500_P34_3,micro1192
20110600_P1D_5,micro1191
20110800_P1M_28,micro1190
Palsa.Unlabelled.R2.T3.F3.trimmomatic.megahit_bin.196_83.72_2.78,micro1189
20120600_P3M_3,micro1188
Palsa.Labelled.R3.T1.F3.trimmomatic.metaspades_bin.55_77.93_0.93,micro1187
20120700_S1S_1,micro1186
20110800_S3S_12,micro1185
20110600_P1D_12,micro1184
20111000_P1M_8,micro1183
20111000_P3M_32,micro1182
20110600_P1M_13,micro1181
20110800_P1M_8,micro1180
20120600_P2S_3,micro1179
Bog.Unlabelled.R3.T1.F3.trimmomatic.metaspades_bin.122_84.22_0.85,micro1178
20111000_S3S_7,micro1177
20120600_P1M_1,micro1176
20120600_P2M_10,micro1175
20120600_P2S_4,micro1174
20120800_E3X_6,micro1173
20120500_P19_10,micro1172
3300037076_20,micro1171
20110800_E3D_26,micro1170
20130700_C2X_3,micro1169
20120800_E2D_22,micro1168
20120800_E2D_3,micro1167
3300037141_6,micro1166
3300038457_7,micro1165
20120700_P3D_129,micro1164
20120700_P3D_48,micro1163
20130700_C1X_5,micro1162
PMCS01,micro1161
Bog.None.R3.T0.JGI.BFC.metaspades_bin.267_72.59_8.57,micro1160
Bog.None.R1.T0.trimmomatic.megahit_bin.19_85.66_3.93,micro1159
20120800_E3X_23,micro1158
20120800_E1X_20,micro1157
20120800_E3X_26,micro1156
PLNR01,micro1155
20120800_E1X_12,micro1154
3300037089_15,micro1153
PMCA01,micro1152
3300038473_8,micro1151
20120600_E1D_17,micro1150
PLLH01,micro1149
3300037156_13,micro1148
3300037054_4,micro1147
20120700_P3D_47,micro1146
3300037076_21,micro1145
20120600_E3D_14,micro1144
3300037132_8,micro1143
20120700_P3D_26,micro1142
20110800_S3S_4,micro1141
20170700_S25_23,micro1140
3300031524_30,micro1139
Bog.None.R1.T0.trimmomatic.megahit_bin.299_95.52_4.31,micro1138
3300037231_17,micro1137
Bog.None.R2.T0.trimmomatic.megahit_bin.9_79.17_4.70,micro1136
20110700_P2D_15,micro1135
20130700_C2M_8,micro1134
20140700_S36_11,micro1133
Fen.Unlabelled.R1.T2.F4.trimmomatic.metaspades_bin.48_89.46_5.98,micro1132
3300036884_7,micro1131
20110800_E2D_34,micro1130
20120700_S1D_103,micro1129
20120700_S1D_24,micro1128
20120700_S1D_26,micro1127
20120700_S1D_39,micro1126
20111000_P3M_39,micro1125
20120700_P3D_82,micro1124
20120700_P3D_134,micro1123
PLYM01,micro1122
PLDW01,micro1121
20110800_E3D_35,micro1120
20110800_E2D_26,micro1119
3300036886_10,micro1118
20110800_E2D_3,micro1117
PMYM01,micro1116
PMBX01,micro1115
20120700_S1D_30,micro1114
20100900_E1D_4,micro1113
Bog.None.R3.T0.trimmomatic.megahit_bin.83_78.97_4.55,micro1112
Palsa.Labelled.R3.T1.F2.trimmomatic.metaspades_bin.39_97.73_0.57,micro1111
Palsa.None.R2.T0.JGI.BFC.metaspades_bin.97_73.23_1.91,micro1110
20130700_P1Y_5,micro1109
Palsa.None.R2.T0.JGI.BFC.metaspades_bin.263_87.12_8.86,micro1108
Palsa.None.R2.T0.JGI.BFC.metaspades_bin.137_79.13_4.55,micro1107
20120700_P2D_5,micro1106
20120500_P31_8,micro1105
PMBP01,micro1104
PLLM01,micro1103
3300037225_17,micro1102
20120800_E2D_13,micro1101
PLLP01,micro1100
20120800_E2X_21,micro1099
3300037109_9,micro1098
3300037105_13,micro1097
20120700_S1D_73,micro1096
Bog.None.R1.T0.trimmomatic.megahit_bin.314_85.82_2.79,micro1095
Bog.None.R3.T0.JGI.BFC.metaspades_bin.34_94.27_1.08,micro1094
20110800_E3D_11,micro1093
Palsa.Unlabelled.R1.T3.F1.trimmomatic.megahit_bin.10_70.35_4.99,micro1092
PLSG01,micro1091
PLXY01,micro1090
Bog.Unlabelled.R2.T3.F1.trimmomatic.megahit_bin.4_76.39_0.68,micro1089
PLXF01,micro1088
20110800_E1D_4,micro1087
20160700_E23_26,micro1086
Bog.None.R1.T0.trimmomatic.megahit_bin.118_76.60_1.35,micro1085
20120600_E1D_37,micro1084
20120800_E3X_3,micro1083
20120800_E1D_15,micro1082
20120600_E2D_7,micro1081
20130700_C1Y_5,micro1080
20130700_C1D_8,micro1079
PMBT01,micro1078
20150700_P15_9,micro1077
Bog.None.R2.T0.trimmomatic.megahit_bin.75_88.18_7.24,micro1076
Palsa.Unlabelled.R1.T3.F3.trimmomatic.metaspades_bin.99_87.92_0.00,micro1075
Palsa.Unlabelled.R2.T3.F3.JGI.BFC.metaspades_bin.84_95.68_9.76,micro1074
PLXR01,micro1073
3300037349_9,micro1072
Bog.None.R3.T0.JGI.BFC.metaspades_bin.123_97.95_1.37,micro1071
3300037180_6,micro1070
PLTZ01,micro1069
Bog.None.R1.T0.trimmomatic.megahit_bin.27_76.49_0.00,micro1068
PLXS01,micro1067
Bog.None.R3.T0.JGI.BFC.metaspades_bin.344_98.63_5.75,micro1066
Bog.Unlabelled.R3.T3.F3.trimmomatic.megahit_bin.151_70.18_0.00,micro1065
Bog.Unlabelled.R3.T3.F3.trimmomatic.metaspades_bin.180_95.25_4.11,micro1064
3300037361_6,micro1063
Fen.Unlabelled.R2.T3.F3.JGI.BFC.metaspades_bin.13_89.21_3.77,micro1062
20130700_C1D_9,micro1061
20130700_C2X_6,micro1060
20120700_P3D_21,micro1059
Bog.None.R1.T0.trimmomatic.megahit_bin.240_81.43_2.70,micro1058
3300037049_8,micro1057
20150700_S25_3,micro1056
20120700_S1D_98,micro1055
20120700_S1D_89,micro1054
20170700_S24_4,micro1053
20110800_S1S_18,micro1052
20120700_S1D_29,micro1051
20110800_S3D_14,micro1050
20170700_S24_8,micro1049
PLGF01,micro1048
20170700_S25_32,micro1047
20110800_P3S_5,micro1046
20110600_P3S_14,micro1045
3300038478_6,micro1044
Palsa.None.R2.T0.JGI.BFC.metaspades_bin.218_92.57_6.03,micro1043
20150700_P13_2,micro1042
20150700_P15_12,micro1041
20110800_P1D_37,micro1040
20110700_S2D_14,micro1039
20170700_S34_41,micro1038
20120800_E1D_21,micro1037
20170700_S34_36,micro1036
20120700_S1D_61,micro1035
20111000_P2D_16,micro1034
20120700_P3D_91,micro1033
20120800_E1X_7,micro1032
20120700_P3D_7,micro1031
20120800_E1X_6,micro1030
20120700_P3D_105,micro1029
20111000_P3M_17,micro1028
20120600_E1D_13,micro1027
20120700_S2X_13,micro1026
20160700_S11_6,micro1025
3300036929_5,micro1024
20110600_S1D_11,micro1023
PMZK01,micro1022
20120500_P26_12,micro1021
20110700_P2D_27,micro1020
20130700_S2Y_8,micro1019
20120800_E1D_8,micro1018
20150700_E14_13,micro1017
3300037085_4,micro1016
20130700_E1X_5,micro1015
20120700_S1D_85,micro1014
20150700_S15_1,micro1013
3300037228_7,micro1012
Bog.None.R2.T0.JGI.BFC.metaspades_bin.304_97.97_7.51,micro1011
20150700_E14_5,micro1010
Bog.None.R3.T0.JGI.BFC.metaspades_bin.159_94.12_4.05,micro1009
20160700_E23_20,micro1008
20110700_P2D_8,micro1007
20120700_P3D_117,micro1006
20120700_S1D_9,micro1005
Bog.Unlabelled.R2.T2.F1.JGI.BFC.metaspades_bin.57_88.81_1.01,micro1004
Bog.Labelled.R1.T3.F3.trimmomatic.metaspades_bin.91_72.76_1.72,micro1003
20120800_E1D_7,micro1002
20120700_P3D_112,micro1001
Bog.Unlabelled.R2.T3.F1.JGI.BFC.metaspades_bin.100_87.84_4.05,micro1000
20120700_P3D_1,micro999
20110800_S3S_23,micro998
20140700_S21_13,micro997
20120700_S1D_67,micro996
20120700_S1D_108,micro995
20120700_S1D_49,micro994
20111000_P3D_2,micro993
20120700_P3D_43,micro992
Bog.Unlabelled.R2.T3.F1.JGI.BFC.metaspades_bin.8_92.23_3.04,micro991
20160700_E23_6,micro990
20120700_S1D_90,micro989
Bog.None.R2.T0.JGI.BFC.metaspades_bin.269_78.13_8.62,micro988
20110800_S1S_13,micro987
Bog.Unlabelled.R3.T3.F2.trimmomatic.metaspades_bin.104_97.47_4.73,micro986
Bog.None.R1.T0.trimmomatic.megahit_bin.149_91.22_4.05,micro985
Bog.None.R2.T0.JGI.BFC.metaspades_bin.32_77.74_4.21,micro984
3300037349_11,micro983
3300037241_7,micro982
20120700_S1D_77,micro981
20160700_E23_11,micro980
20170700_S24_16,micro979
20120700_P3D_3,micro978
20140700_S22_7,micro977
20170700_S24_9,micro976
20150700_E14_4,micro975
20110700_P1D_2,micro974
Bog.None.R2.T0.JGI.BFC.metaspades_bin.94_71.04_6.96,micro973
20170700_E14_6,micro972
20110800_P1D_29,micro971
20110800_P1D_18,micro970
20120700_S1D_113,micro969
20140700_E15_18,micro968
20100900_E1D_9,micro967
20110800_E2D_18,micro966
20130700_P1Y_10,micro965
20120700_P3D_140,micro964
20110800_S3D_10,micro963
20110700_S2D_6,micro962
Bog.None.R3.T0.trimmomatic.megahit_bin.67_73.32_6.98,micro961
Bog.None.R1.T0.trimmomatic.megahit_bin.358_74.42_8.60,micro960
Bog.None.R2.T0.JGI.BFC.metaspades_bin.260_94.67_5.63,micro959
20150700_P15_16,micro958
Palsa.Labelled.R3.T1.F1.trimmomatic.metaspades_bin.38_96.40_3.38,micro957
Bog.None.R1.T0.trimmomatic.megahit_bin.233_80.97_3.18,micro956
Bog.None.R2.T0.JGI.BFC.metaspades_bin.347_81.27_8.23,micro955
3300037342_8,micro954
Bog.None.R2.T0.JGI.BFC.metaspades_bin.328_92.09_2.03,micro953
Bog.None.R2.T0.trimmomatic.megahit_bin.356_99.38_2.70,micro952
20130700_E2D_3,micro951
Bog.None.R2.T0.trimmomatic.megahit_bin.344_99.28_6.76,micro950
20120500_P36_3,micro949
PLCN01,micro948
20110800_P1D_36,micro947
20120500_P37_6,micro946
20120500_P35_2,micro945
20110700_P2D_2,micro944
20110800_S3S_9,micro943
Bog.Unlabelled.R2.T3.F2.trimmomatic.metaspades_bin.88_97.22_2.03,micro942
Bog.None.R3.T0.trimmomatic.megahit_bin.32_99.32_2.03,micro941
20160700_E21_11,micro940
Bog.Labelled.R1.T2.F2.trimmomatic.metaspades_bin.54_94.58_0.00,micro939
PMSV01,micro938
Bog.None.R3.T0.JGI.BFC.metaspades_bin.6_96.55_2.67,micro937
3300037233_9,micro936
20111000_P1M_10,micro935
Palsa.Labelled.R2.T2.F1.trimmomatic.metaspades_bin.77_97.04_0.57,micro934
20111000_P3M_36,micro933
PLXD01,micro932
Palsa.Unlabelled.R3.T3.F1.trimmomatic.metaspades_bin.230_94.04_2.71,micro931
3300037231_11,micro930
Palsa.Labelled.R2.T3.F1.trimmomatic.metaspades_bin.31_87.45_2.00,micro929
20110700_P2S_7,micro928
Palsa.Labelled.R3.T1.F1.trimmomatic.metaspades_bin.54_94.98_2.76,micro927
Palsa.None.R2.T0.JGI.BFC.metaspades_bin.240_99.01_1.64,micro926
Palsa.Unlabelled.R3.T3.F1.trimmomatic.metaspades_bin.95_98.52_0.25,micro925
Bog.Unlabelled.R2.T3.F1.trimmomatic.metaspades_bin.123_90.74_0.10,micro924
PKYU01,micro923
Palsa.Labelled.R1.T3.F1.trimmomatic.metaspades_bin.59_73.01_2.17,micro922
Bog.Labelled.R1.T2.F2.trimmomatic.metaspades_bin.103_71.98_4.06,micro921
3300029985_7,micro920
Fen.Labelled.R1.T3.F2.trimmomatic.metaspades_bin.65_85.94_3.20,micro919
3300036876_9,micro918
Fen.Labelled.R1.T3.F1.JGI.BFC.metaspades_bin.88_90.34_8.06,micro917
PMDY01,micro916
20120600_E3D_13,micro915
20120800_E2X_11,micro914
PLNT01,micro913
20130700_C1D_3,micro912
20120800_E2X_16,micro911
20140700_E14_2,micro910
20120800_E3S_15,micro909
20120800_E2D_10,micro908
20120800_E3D_4,micro907
20130700_C2X_5,micro906
20120600_E3D_38,micro905
20130700_C1X_17,micro904
20120700_E3M_2,micro903
PMEC01,micro902
20110800_E3M_4,micro901
20120800_E3X_14,micro900
20120600_E3D_29,micro899
20120800_E2D_4,micro898
Bog.None.R3.T0.trimmomatic.megahit_bin.342_91.38_4.21,micro897
Fen.Unlabelled.R1.T3.F1.JGI.BFC.metaspades_bin.65_97.77_0.74,micro896
Fen.Labelled.R3.T2.F1.JGI.BFC.metaspades_bin.27_98.45_0.75,micro895
Fen.Labelled.R2.T3.F3.JGI.BFC.metaspades_bin.2_97.58_0.54,micro894
Fen.Labelled.R1.T2.F3.trimmomatic.metaspades_bin.30_79.47_0.07,micro893
3300022861_4,micro892
3300026450_3,micro891
Fen.Labelled.R1.T1.F2.trimmomatic.metaspades_bin.20_82.87_0.54,micro890
Fen.Labelled.R2.T3.F3.JGI.BFC.metaspades_bin.5_99.46_0.54,micro889
Bog.Labelled.R1.T3.F1.JGI.BFC.metaspades_bin.33_96.24_0.54,micro888
Fen.Unlabelled.R2.T3.F1.trimmomatic.metaspades_bin.3_78.82_2.42,micro887
Fen.Unlabelled.R2.T1.F1.trimmomatic.metaspades_bin.34_86.94_0.54,micro886
Fen.Unlabelled.R2.T1.F1.JGI.BFC.metaspades_bin.11_89.30_5.73,micro885
Fen.Unlabelled.R1.T3.F1.trimmomatic.metaspades_bin.55_85.86_0.54,micro884
Fen.Labelled.R2.T3.F1.JGI.BFC.metaspades_bin.27_86.00_4.84,micro883
Fen.Unlabelled.R1.T2.F1.JGI.BFC.metaspades_bin.83_76.02_7.93,micro882
Fen.Unlabelled.R1.T2.F1.JGI.BFC.metaspades_bin.79_78.95_1.72,micro881
20120800_E2D_20,micro880
Fen.Unlabelled.R3.T3.F1.trimmomatic.metaspades_bin.52_86.45_5.80,micro879
Fen.Unlabelled.R3.T3.F1.trimmomatic.metaspades_bin.86_81.81_1.08,micro878
Fen.Unlabelled.R2.T3.F1.JGI.BFC.metaspades_bin.57_85.17_9.86,micro877
Fen.Unlabelled.R3.T3.F1.trimmomatic.metaspades_bin.47_85.60_2.42,micro876
Fen.Labelled.R2.T3.F3.JGI.BFC.metaspades_bin.38_80.01_9.95,micro875
20170700_S35_19,micro874
20150700_E15_18,micro873
3300037076_11,micro872
20130700_E1Y_5,micro871
3300023254_4,micro870
20130700_E1Z_4,micro869
20120600_E3D_50,micro868
20120600_E3D_27,micro867
Bog.Labelled.R1.T2.F2.trimmomatic.metaspades_bin.96_95.35_0.00,micro866
PLUL01,micro865
PLYR01,micro864
3300037156_10,micro863
PLXK01,micro862
20120700_P3D_120,micro861
Bog.Unlabelled.R1.T2.F1.trimmomatic.metaspades_bin.90_96.67_0.48,micro860
PLYN01,micro859
PLYA01,micro858
Fen.Labelled.R1.T3.F1.trimmomatic.metaspades_bin.123_80.03_3.65,micro857
3300037401_3,micro856
PLYJ01,micro855
Bog.Labelled.R1.T2.F2.trimmomatic.metaspades_bin.70_92.60_2.94,micro854
Palsa.Labelled.R3.T3.F1.trimmomatic.metaspades_bin.36_76.65_2.98,micro853
Bog.Labelled.R2.T2.F1.trimmomatic.metaspades_bin.69_84.77_5.37,micro852
Palsa.Labelled.R2.T2.F1.trimmomatic.metaspades_bin.38_84.70_3.10,micro851
3300037237_7,micro850
Bog.Labelled.R1.T2.F2.trimmomatic.metaspades_bin.89_90.44_1.43,micro849
Palsa.Labelled.R2.T3.F1.JGI.BFC.metaspades_bin.13_97.46_0.87,micro848
Bog.Unlabelled.R3.T2.F1.trimmomatic.metaspades_bin.23_92.25_1.19,micro847
Palsa.Labelled.R2.T2.F1.trimmomatic.metaspades_bin.114_96.06_2.35,micro846
Fen.Labelled.R3.T1.F1.JGI.BFC.metaspades_bin.10_100.00_1.55,micro845
Bog.Unlabelled.R1.T2.F1.trimmomatic.metaspades_bin.64_99.70_0.45,micro844
Palsa.Unlabelled.R3.T3.F1.trimmomatic.metaspades_bin.181_98.91_1.21,micro843
PLXB01,micro842
3300037156_12,micro841
PLYO01,micro840
20120600_E1D_53,micro839
20120600_E2D_2,micro838
20150700_E34_4,micro837
PMDK01,micro836
PMJR01,micro835
PMNP01,micro834
PMBF01,micro833
PMCM01,micro832
20130700_E3M_6,micro831
20130700_E2X_2,micro830
20100900_E1D_8,micro829
20120800_E2X_14,micro828
20111000_E3D_7,micro827
PMDB01,micro826
20130700_C2X_11,micro825
20120800_E3D_2,micro824
20120600_E2D_27,micro823
20111000_E3D_9,micro822
PMZI01,micro821
20110700_E1D_5,micro820
20110800_E3D_15,micro819
20100900_E2D_7,micro818
20120600_E3D_42,micro817
20120800_E2X_13,micro816
PMDS01,micro815
20130700_C1X_10,micro814
20140700_E15_7,micro813
20120800_E3X_28,micro812
20130700_E1Y_1,micro811
20130700_E2Y_3,micro810
20150700_S15_12,micro809
20110800_E3M_2,micro808
20110800_E3D_1,micro807
20120700_P3D_37,micro806
20111000_P1D_11,micro805
20110800_E2D_8,micro804
20120700_E1X_1,micro803
20120800_E1X_8,micro802
20111000_P3M_21,micro801
20120500_P37_4,micro800
20120800_E3X_15,micro799
20120800_P2D_5,micro798
3300037104_17,micro797
20120600_E2D_9,micro796
20111000_P1M_6,micro795
20110800_P1D_10,micro794
Fen.Unlabelled.R3.T3.F4.trimmomatic.metaspades_bin.1_78.97_1.10,micro793
20130700_S2Y_13,micro792
20111000_E3D_2,micro791
20150700_E35_2,micro790
3300038475_6,micro789
20120600_E2D_8,micro788
3300024238_3,micro787
3300038461_4,micro786
20140700_E15_1,micro785
20140700_E15_2,micro784
20130700_C1X_8,micro783
PLWQ01,micro782
20130700_C2M_13,micro781
20120700_S1D_107,micro780
Fen.Labelled.R2.T3.F4.JGI.BFC.metaspades_bin.21_97.74_0.00,micro779
3300037076_8,micro778
Bog.Labelled.R2.T3.F3.trimmomatic.metaspades_bin.181_93.96_0.10,micro777
Bog.Unlabelled.R1.T3.F1.trimmomatic.metaspades_bin.57_95.24_1.10,micro776
20110800_E3D_41,micro775
PMBB01,micro774
Fen.Labelled.R2.T3.F3.trimmomatic.megahit_bin.35_81.52_0.00,micro773
3300036876_12,micro772
3300037185_7,micro771
3300037224_12,micro770
20110800_E3D_13,micro769
20110800_E2D_32,micro768
3300038461_5,micro767
PMDT01,micro766
3300037104_11,micro765
20110700_P1D_6,micro764
20130700_E3Z_1,micro763
20120700_S1D_102,micro762
20111000_P2D_4,micro761
20110700_P2D_21,micro760
20110800_E2D_9,micro759
20111000_P2M_7,micro758
20110700_P2D_19,micro757
20120700_P3D_73,micro756
20110800_E3D_18,micro755
20110700_P2D_9,micro754
Bog.None.R2.T0.JGI.BFC.metaspades_bin.319_70.64_9.53,micro753
20160700_S23_17,micro752
20150700_P24_12,micro751
20120700_S1D_19,micro750
20120700_S1D_60,micro749
20130700_C2M_5,micro748
20120600_E1D_6,micro747
20120600_E1D_20,micro746
Bog.None.R2.T0.JGI.BFC.metaspades_bin.84_100.00_0.00,micro745
20170700_S34_29,micro744
20120700_S1D_55,micro743
20130700_C2M_9,micro742
20120700_S1X_15,micro741
20120800_E3S_6,micro740
20110600_S3M_2,micro739
20120700_P3D_102,micro738
20130700_C1Y_13,micro737
20110800_S3D_28,micro736
20160700_P15_25,micro735
20160700_S23_5,micro734
20110800_P1S_5,micro733
20150700_P23_11,micro732
20120500_P14_1,micro731
20140700_S22_6,micro730
20110800_S1D_14,micro729
20120700_S1D_46,micro728
20150700_P13_7,micro727
Palsa.None.R2.T0.JGI.BFC.metaspades_bin.302_75.29_1.72,micro726
20120700_S1D_33,micro725
Palsa.None.R2.T0.JGI.BFC.metaspades_bin.211_84.38_6.90,micro724
20110800_S3S_27,micro723
Bog.None.R1.T0.trimmomatic.megahit_bin.18_85.86_3.07,micro722
20110800_S3S_24,micro721
Bog.None.R1.T0.trimmomatic.megahit_bin.369_97.17_1.75,micro720
Bog.None.R2.T0.JGI.BFC.metaspades_bin.58_85.62_4.48,micro719
Bog.None.R2.T0.trimmomatic.megahit_bin.66_95.61_5.83,micro718
Bog.Unlabelled.R3.T3.F2.trimmomatic.metaspades_bin.33_99.27_3.62,micro717
20120700_S1D_5,micro716
Bog.None.R3.T0.JGI.BFC.metaspades_bin.157_96.49_2.63,micro715
20120700_P3D_54,micro714
20111000_S2S_7,micro713
20120700_S1S_6,micro712
Bog.None.R2.T0.JGI.BFC.metaspades_bin.201_94.78_1.81,micro711
20110600_S1S_4,micro710
Bog.None.R2.T0.trimmomatic.megahit_bin.272_80.28_7.13,micro709
20110700_P1S_12,micro708
20150700_S21_10,micro707
Palsa.Labelled.R1.T1.F2.trimmomatic.metaspades_bin.50_88.06_3.48,micro706
20160700_P15_5,micro705
20110600_P1M_17,micro704
20120700_P3D_50,micro703
PMUP01,micro702
Palsa.None.R2.T0.JGI.BFC.metaspades_bin.61_83.67_6.26,micro701
20120500_P13_5,micro700
20110600_P1M_1,micro699
20111000_P3M_15,micro698
20120700_P3D_88,micro697
Bog.None.R3.T0.trimmomatic.megahit_bin.399_80.28_6.52,micro696
20111000_P2D_18,micro695
20110600_P1M_9,micro694
20110800_P1D_14,micro693
20140700_S12_11,micro692
20170700_S25_8,micro691
20120700_P3D_101,micro690
Bog.Labelled.R2.T3.F3.trimmomatic.megahit_bin.126_96.49_2.19,micro689
20120600_E1D_55,micro688
20130700_C1X_6,micro687
20111000_E3D_5,micro686
20120700_E1D_7,micro685
20110800_E2D_5,micro684
20130700_E3Z_5,micro683
20150700_P15_4,micro682
20120500_P32_6,micro681
20170700_S25_3,micro680
20150700_P15_5,micro679
20120800_P1D_2,micro678
20140700_S21_18,micro677
20120700_P2D_1,micro676
20150700_P15_11,micro675
20111000_S3S_10,micro674
Palsa.None.R2.T0.JGI.BFC.metaspades_bin.210_73.18_6.21,micro673
20110800_S3S_26,micro672
Bog.Unlabelled.R2.T3.F2.trimmomatic.metaspades_bin.129_89.36_9.06,micro671
20120600_P3M_9,micro670
20120600_P3M_2,micro669
20120700_P3D_40,micro668
Palsa.Labelled.R3.T3.F3.trimmomatic.megahit_bin.132_78.35_6.03,micro667
20111000_P1S_2,micro666
Palsa.Labelled.R3.T1.F2.trimmomatic.metaspades_bin.52_71.83_0.86,micro665
20111000_P1S_6,micro664
Palsa.Unlabelled.R1.T3.F2.trimmomatic.metaspades_bin.96_80.51_1.15,micro663
Bog.Labelled.R1.T1.F1.JGI.BFC.metaspades_bin.122_90.43_7.26,micro662
Bog.Unlabelled.R2.T3.F2.trimmomatic.metaspades_bin.46_85.62_3.11,micro661
Bog.Labelled.R1.T2.F3.JGI.BFC.metaspades_bin.24_99.14_0.86,micro660
20110800_S3S_25,micro659
Bog.Unlabelled.R3.T3.F2.trimmomatic.metaspades_bin.148_70.25_9.70,micro658
20110700_P2S_5,micro657
20120700_S1D_64,micro656
20120600_S1D_1,micro655
Palsa.None.R2.T0.JGI.BFC.metaspades_bin.238_96.77_6.03,micro654
20110600_S1D_15,micro653
20110600_P1M_18,micro652
Bog.Unlabelled.R2.T3.F2.JGI.BFC.metaspades_bin.69_94.23_0.86,micro651
20110800_E3D_20,micro650
20120700_P1D_9,micro649
20111000_P3D_1,micro648
20170700_S25_14,micro647
20140700_S16_1,micro646
20170700_S24_10,micro645
20140700_S32_12,micro644
Bog.Labelled.R1.T3.F3.trimmomatic.metaspades_bin.42_92.00_1.72,micro643
Fen.Labelled.R3.T2.F4.trimmomatic.metaspades_bin.60_70.06_0.86,micro642
Bog.Labelled.R1.T1.F1.JGI.BFC.metaspades_bin.128_96.67_1.72,micro641
20120700_P3D_93,micro640
20170700_S24_18,micro639
20120700_S1D_114,micro638
20120800_P1D_1,micro637
20150700_P31_7,micro636
Palsa.None.R2.T0.JGI.BFC.metaspades_bin.152_78.26_8.29,micro635
20150700_P31_13,micro634
20140700_S21_12,micro633
20110800_S3M_18,micro632
20130700_C2D_3,micro631
20170700_S25_13,micro630
20130700_S3M_3,micro629
Bog.None.R3.T0.JGI.BFC.metaspades_bin.275_96.71_5.17,micro628
20150700_E15_22,micro627
20170700_S24_14,micro626
20111000_P3M_44,micro625
20120500_P26_5,micro624
20120800_E1D_18,micro623
20110600_S1M_11,micro622
20120700_S1D_104,micro621
20150700_S15_15,micro620
20110700_S3M_11,micro619
20120800_E3X_27,micro618
20170700_S25_7,micro617
20170700_S33_23,micro616
Bog.None.R3.T0.JGI.BFC.metaspades_bin.277_97.34_4.31,micro615
20150700_P14_4,micro614
20170700_P14_3,micro613
20150700_E15_20,micro612
20110800_S2M_3,micro611
20130700_S2D_2,micro610
20150700_E14_10,micro609
Bog.Labelled.R1.T1.F1.JGI.BFC.metaspades_bin.116_96.93_0.86,micro608
Bog.None.R3.T0.JGI.BFC.metaspades_bin.143_78.72_9.48,micro607
Bog.Labelled.R1.T2.F2.JGI.BFC.metaspades_bin.66_77.13_3.14,micro606
Bog.Unlabelled.R2.T3.F2.JGI.BFC.metaspades_bin.40_72.49_7.33,micro605
Bog.Unlabelled.R3.T2.F3.JGI.BFC.metaspades_bin.11_93.17_1.72,micro604
20120700_S3X_7,micro603
20150700_S23_11,micro602
Bog.None.R3.T0.JGI.BFC.metaspades_bin.122_92.03_1.72,micro601
20111000_P1S_1,micro600
20160700_P15_24,micro599
20110700_P1S_2,micro598
Bog.None.R2.T0.JGI.BFC.metaspades_bin.302_84.77_4.31,micro597
Bog.None.R2.T0.trimmomatic.megahit_bin.194_91.91_4.74,micro596
Bog.Unlabelled.R2.T3.F2.JGI.BFC.metaspades_bin.21_87.09_0.86,micro595
Bog.None.R3.T0.JGI.BFC.metaspades_bin.162_97.41_2.35,micro594
Bog.None.R2.T0.JGI.BFC.metaspades_bin.224_82.49_1.72,micro593
Bog.Unlabelled.R3.T3.F3.JGI.BFC.metaspades_bin.114_88.45_5.80,micro592
Bog.Labelled.R1.T3.F3.JGI.BFC.metaspades_bin.108_95.64_2.59,micro591
Bog.None.R2.T0.JGI.BFC.metaspades_bin.27_84.99_8.62,micro590
20110800_P2D_10,micro589
PMOF01,micro588
Bog.Labelled.R2.T2.F2.JGI.BFC.metaspades_bin.30_90.30_1.69,micro587
Bog.Unlabelled.R1.T2.F2.JGI.BFC.metaspades_bin.36_70.45_7.93,micro586
Bog.None.R2.T0.JGI.BFC.metaspades_bin.50_93.75_3.45,micro585
20130700_C2Y_2,micro584
20111000_P3D_13,micro583
20130700_S2M_1,micro582
20120700_S1D_57,micro581
20120600_S2D_6,micro580
20170700_S25_9,micro579
20160700_E25_15,micro578
20160700_E25_16,micro577
20170700_S34_10,micro576
3300023248_5,micro575
20170700_E15_6,micro574
20120600_E3D_3,micro573
Bog.None.R3.T0.JGI.BFC.metaspades_bin.163_88.86_2.16,micro572
20120600_E1D_19,micro571
20120600_S1D_7,micro570
20110700_P2D_11,micro569
PLCS01,micro568
Bog.Unlabelled.R3.T2.F3.JGI.BFC.metaspades_bin.122_96.77_0.86,micro567
20170700_S35_18,micro566
20150700_E15_4,micro565
Bog.Labelled.R1.T1.F1.JGI.BFC.metaspades_bin.151_96.12_0.92,micro564
20130700_E2Y_10,micro563
20160700_E23_21,micro562
20160700_E25_11,micro561
20140700_S16_20,micro560
Bog.None.R3.T0.JGI.BFC.metaspades_bin.37_91.86_1.77,micro559
20170700_S34_24,micro558
20170700_S34_23,micro557
Bog.Unlabelled.R2.T3.F2.JGI.BFC.metaspades_bin.55_93.55_2.59,micro556
20120800_E1D_14,micro555
Bog.Unlabelled.R2.T2.F1.JGI.BFC.metaspades_bin.60_95.04_1.94,micro554
20140700_S11_11,micro553
20130700_S1Z_5,micro552
20150700_E14_2,micro551
20140700_S11_6,micro550
Fen.Unlabelled.R2.T3.F3.trimmomatic.megahit_bin.3_94.18_1.39,micro549
20140700_S11_15,micro548
20160700_E25_13,micro547
Bog.Unlabelled.R1.T3.F3.trimmomatic.metaspades_bin.65_71.70_0.05,micro546
Bog.None.R3.T0.JGI.BFC.metaspades_bin.199_96.50_2.76,micro545
Bog.Unlabelled.R2.T3.F2.JGI.BFC.metaspades_bin.14_99.14_0.86,micro544
20120600_E3D_46,micro543
20150700_P14_8,micro542
Bog.Labelled.R1.T3.F3.JGI.BFC.metaspades_bin.9_92.24_4.31,micro541
Palsa.Labelled.R2.T3.F2.trimmomatic.megahit_bin.45_76.68_4.31,micro540
Palsa.Labelled.R2.T3.F3.trimmomatic.megahit_bin.21_71.76_3.88,micro539
Palsa.Labelled.R1.T2.F3.JGI.BFC.metaspades_bin.39_92.28_2.97,micro538
20170700_S33_5,micro537
Bog.Unlabelled.R1.T1.F2.JGI.BFC.metaspades_bin.35_96.02_1.29,micro536
Bog.None.R2.T0.JGI.BFC.metaspades_bin.145_77.41_6.25,micro535
20120800_S3X_7,micro534
20130700_S2S_12,micro533
Bog.Unlabelled.R2.T1.F3.JGI.BFC.metaspades_bin.31_72.82_1.94,micro532
Palsa.Labelled.R1.T2.F3.trimmomatic.megahit_bin.27_89.55_3.74,micro531
20110800_S3S_31,micro530
Palsa.Unlabelled.R3.T3.F2.trimmomatic.metaspades_bin.113_71.00_8.58,micro529
20110800_S1S_12,micro528
20130700_P1Y_11,micro527
Bog.Unlabelled.R2.T2.F2.trimmomatic.metaspades_bin.86_71.87_2.22,micro526
20170700_S25_1,micro525
Bog.Labelled.R1.T3.F3.trimmomatic.metaspades_bin.35_75.21_2.71,micro524
20110600_S1D_17,micro523
20120700_P3D_14,micro522
20120500_P28_12,micro521
20120700_S1D_51,micro520
Bog.Unlabelled.R2.T3.F2.trimmomatic.megahit_bin.128_97.86_0.00,micro519
PLPO01,micro518
20120500_P28_11,micro517
Bog.Unlabelled.R2.T2.F2.JGI.BFC.metaspades_bin.16_87.66_1.12,micro516
20170700_S24_5,micro515
20110600_P2S_3,micro514
20110800_P1M_22,micro513
20110800_E3M_6,micro512
20170700_P34_5,micro511
Palsa.None.R2.T0.JGI.BFC.metaspades_bin.279_93.16_1.71,micro510
Bog.Unlabelled.R2.T3.F2.trimmomatic.megahit_bin.2_98.85_1.71,micro509
20130700_P1Y_12,micro508
20120500_P25_12,micro507
20120600_S3M_3,micro506
20110700_P3S_5,micro505
20120500_P26_1,micro504
PLHP01,micro503
20120600_P2M_5,micro502
20120500_P38_6,micro501
20100900_E1D_10,micro500
20170700_S25_26,micro499
20160700_E25_27,micro498
20160700_S15_2,micro497
20111000_S1D_6,micro496
3300037355_2,micro495
PMBA01,micro494
20160700_S23_13,micro493
Palsa.None.R2.T0.JGI.BFC.metaspades_bin.267_77.18_5.22,micro492
20120700_P3D_71,micro491
20120700_S1D_21,micro490
20170700_S33_29,micro489
20110800_S3D_19,micro488
20120700_P3D_35,micro487
20160700_P15_19,micro486
20110800_P1D_24,micro485
20120700_S1D_86,micro484
20110600_P1M_3,micro483
20120700_P3D_119,micro482
20150700_P24_7,micro481
Palsa.None.R2.T0.JGI.BFC.metaspades_bin.190_90.54_5.98,micro480
20110700_P2D_7,micro479
20120500_P24_5,micro478
20120700_P1M_6,micro477
20111000_P1M_2,micro476
PLBY01,micro475
20120800_P2D_2,micro474
20170700_S31_11,micro473
Palsa.None.R2.T0.JGI.BFC.metaspades_bin.14_80.71_5.34,micro472
20150700_P31_3,micro471
Palsa.Labelled.R3.T1.F2.trimmomatic.megahit_bin.31_72.28_6.84,micro470
20120600_P3D_1,micro469
20110800_P3S_4,micro468
Palsa.Labelled.R3.T1.F1.JGI.BFC.metaspades_bin.29_98.93_1.71,micro467
20120700_P3S_2,micro466
20110700_P2M_4,micro465
20160700_P15_18,micro464
20110800_S1M_8,micro463
20140700_S21_14,micro462
20150700_P11_4,micro461
20120500_P33_5,micro460
20120600_P3M_11,micro459
20120800_P2M_7,micro458
20110700_P3M_11,micro457
20110700_S3M_15,micro456
20110800_P3S_2,micro455
20130700_S3Z_1,micro454
20150700_S21_6,micro453
20111000_P2S_1,micro452
20120600_P2M_8,micro451
20130700_E3Z_11,micro450
20110700_S3M_12,micro449
20120700_S1D_41,micro448
Bog.Unlabelled.R3.T2.F3.trimmomatic.metaspades_bin.142_89.72_0.85,micro447
20120700_S1D_79,micro446
20150700_E23_6,micro445
Bog.None.R3.T0.JGI.BFC.metaspades_bin.166_92.84_2.72,micro444
20120700_S1D_63,micro443
3300022861_2,micro442
20120700_P3D_81,micro441
20120700_P3D_15,micro440
20110800_E2S_12,micro439
20120700_S1X_12,micro438
PLYW01,micro437
20120700_P1D_3,micro436
20111000_P3M_10,micro435
20120700_P3D_61,micro434
20120700_S1D_76,micro433
20170700_S31_5,micro432
20111000_S1D_12,micro431
20110800_S1M_20,micro430
20170700_S25_38,micro429
20120700_P3D_12,micro428
20110800_E3D_19,micro427
20120700_S1D_13,micro426
20120700_P3D_142,micro425
Bog.None.R3.T0.JGI.BFC.metaspades_bin.339_96.94_3.52,micro424
20120700_S1D_48,micro423
20120700_P3D_90,micro422
20120500_P24_8,micro421
20120700_P3D_11,micro420
20110700_P3M_9,micro419
20160700_P15_2,micro418
20120700_P3D_92,micro417
Palsa.Labelled.R1.T1.F1.trimmomatic.metaspades_bin.33_89.65_1.71,micro416
Palsa.Unlabelled.R1.T1.F1.trimmomatic.megahit_bin.45_71.69_6.46,micro415
20110700_P2S_4,micro414
20160700_P15_3,micro413
20170700_P31_1,micro412
20120700_P1M_1,micro411
20140700_S31_3,micro410
Palsa.None.R2.T0.JGI.BFC.metaspades_bin.96_88.84_2.56,micro409
20120600_P3M_6,micro408
Palsa.None.R2.T0.JGI.BFC.metaspades_bin.146_89.53_8.55,micro407
20120700_P2M_5,micro406
Palsa.None.R2.T0.JGI.BFC.metaspades_bin.60_72.97_9.43,micro405
20120700_P3D_33,micro404
20110800_P1D_13,micro403
20110800_P3M_3,micro402
Palsa.Unlabelled.R3.T1.F2.trimmomatic.metaspades_bin.54_83.78_8.12,micro401
20120700_P3D_128,micro400
3300037147_7,micro399
20110600_P1M_15,micro398
20120700_P3D_67,micro397
20120700_P3D_27,micro396
20120700_P3D_46,micro395
20110800_P1M_19,micro394
Palsa.Labelled.R1.T1.F2.trimmomatic.metaspades_bin.100_93.16_1.99,micro393
20110600_P1M_5,micro392
20110600_P3S_4,micro391
20170700_P33_1,micro390
20150700_P23_12,micro389
Palsa.None.R2.T0.JGI.BFC.metaspades_bin.70_95.73_0.85,micro388
20110800_E1D_22,micro387
20120700_P3D_31,micro386
20110800_E2D_22,micro385
20120800_E3S_10,micro384
20120600_E2D_12,micro383
20120700_P3D_137,micro382
20120700_P3D_122,micro381
PMCG01,micro380
3300038458_11,micro379
PLMN01,micro378
20110800_E1S_2,micro377
PMCY01,micro376
20110800_E2D_20,micro375
20120600_E2D_11,micro374
20120500_P19_8,micro373
Fen.Unlabelled.R3.T2.F3.trimmomatic.metaspades_bin.10_74.46_4.17,micro372
20120600_E3D_2,micro371
3300037549_11,micro370
Bog.Unlabelled.R3.T3.F3.JGI.BFC.metaspades_bin.143_96.29_0.88,micro369
Bog.Labelled.R1.T3.F3.trimmomatic.metaspades_bin.43_92.84_1.75,micro368
20120700_S1D_25,micro367
20120800_E2X_6,micro366
20150700_E25_9,micro365
PMMQ01,micro364
20120700_P3D_65,micro363
20111000_P3M_43,micro362
20120700_P3D_24,micro361
20120700_P3D_44,micro360
PMCE01,micro359
20120700_S1D_97,micro358
Bog.Unlabelled.R3.T3.F2.trimmomatic.metaspades_bin.90_93.68_0.00,micro357
PMBI01,micro356
20130700_E2Y_17,micro355
20120800_E3S_17,micro354
PLLC01,micro353
20150700_E34_11,micro352
3300037132_9,micro351
20130700_E2Y_4,micro350
20160700_E13_6,micro349
PLNV01,micro348
20150700_E15_6,micro347
20120700_E3X_7,micro346
PLNU01,micro345
20130700_E1Y_16,micro344
20170700_S34_25,micro343
PLMQ01,micro342
3300037091_10,micro341
3300037225_16,micro340
PLSJ01,micro339
PMCI01,micro338
20120600_E3D_17,micro337
3300037198_12,micro336
Fen.Labelled.R1.T3.F2.trimmomatic.metaspades_bin.46_88.34_0.95,micro335
Bog.None.R3.T0.trimmomatic.megahit_bin.282_90.87_0.94,micro334
20110800_E3D_22,micro333
20110800_E3D_38,micro332
Bog.None.R1.T0.trimmomatic.megahit_bin.150_72.98_1.61,micro331
3300037159_6,micro330
Palsa.Labelled.R1.T1.F3.trimmomatic.metaspades_bin.27_85.91_3.87,micro329
PMBV01,micro328
Palsa.None.R2.T0.JGI.BFC.metaspades_bin.319_82.00_3.81,micro327
Bog.None.R1.T0.trimmomatic.megahit_bin.120_96.00_3.87,micro326
PLXW01,micro325
Bog.Unlabelled.R3.T3.F3.trimmomatic.metaspades_bin.83_91.54_6.45,micro324
20150700_P15_13,micro323
Bog.Unlabelled.R3.T3.F3.JGI.BFC.metaspades_bin.11_92.47_4.06,micro322
Bog.Unlabelled.R3.T3.F3.JGI.BFC.metaspades_bin.47_85.24_5.81,micro321
20110800_P3S_9,micro320
20120700_P3D_127,micro319
20160700_P15_10,micro318
20160700_S11_1,micro317
20150700_P14_6,micro316
Palsa.None.R2.T0.JGI.BFC.metaspades_bin.101_93.55_3.87,micro315
20120700_P3D_121,micro314
20120700_P3D_83,micro313
Palsa.Unlabelled.R2.T3.F3.trimmomatic.megahit_bin.30_89.06_2.80,micro312
Fen.Labelled.R1.T3.F4.trimmomatic.metaspades_bin.5_91.46_5.16,micro311
20120600_E1D_16,micro310
20120700_P3D_17,micro309
3300037165_5,micro308
Fen.Labelled.R3.T1.F4.trimmomatic.metaspades_bin.25_92.80_3.23,micro307
20120600_E2D_15,micro306
PMZX01,micro305
20130700_C1D_10,micro304
20120600_E1D_31,micro303
PMBY01,micro302
20120800_E1D_12,micro301
PMCR01,micro300
20130700_E1M_4,micro299
PMBS01,micro298
20120600_E2D_1,micro297
20110800_E1D_3,micro296
PNBO01,micro295
20170700_S35_2,micro294
20120600_E1D_18,micro293
20130700_C2M_20,micro292
20130700_C2X_10,micro291
20120700_P3D_20,micro290
20130700_C1D_5,micro289
20140700_E22_1,micro288
20120700_P3D_146,micro287
PMNO01,micro286
PLXG01,micro285
20110800_P1D_30,micro284
20120700_P3D_36,micro283
20111000_P3M_8,micro282
Palsa.None.R2.T0.JGI.BFC.metaspades_bin.148_86.97_6.42,micro281
20111000_P3M_5,micro280
20120700_P3D_2,micro279
20110600_P1M_21,micro278
20111000_P2D_3,micro277
3300037138_9,micro276
20110800_S3S_11,micro275
20120700_P3D_131,micro274
20120700_P3D_49,micro273
20120700_P3D_79,micro272
3300037076_9,micro271
PKWM01,micro270
3300037549_13,micro269
Fen.Labelled.R3.T1.F3.trimmomatic.metaspades_bin.2_79.14_1.91,micro268
20120700_P3D_139,micro267
20120700_E3M_1,micro266
20120600_E2D_47,micro265
Bog.Unlabelled.R3.T1.F3.JGI.BFC.metaspades_bin.45_94.77_0.93,micro264
Bog.Unlabelled.R3.T3.F3.JGI.BFC.metaspades_bin.66_94.31_0.76,micro263
Palsa.Unlabelled.R1.T3.F3.trimmomatic.metaspades_bin.235_87.61_3.54,micro262
Palsa.Unlabelled.R2.T3.F3.JGI.BFC.metaspades_bin.136_96.85_0.47,micro261
20110800_S3S_2,micro260
Palsa.Unlabelled.R1.T3.F2.trimmomatic.megahit_bin.81_72.48_3.96,micro259
Palsa.Labelled.R1.T1.F3.trimmomatic.megahit_bin.19_95.60_0.77,micro258
Palsa.Labelled.R1.T1.F3.trimmomatic.metaspades_bin.45_95.70_1.53,micro257
Palsa.Unlabelled.R3.T2.F2.trimmomatic.metaspades_bin.78_70.69_0.00,micro256
Palsa.Labelled.R1.T1.F3.JGI.BFC.metaspades_bin.68_91.15_5.94,micro255
Bog.Unlabelled.R3.T1.F1.trimmomatic.metaspades_bin.80_97.70_1.47,micro254
3300037262_8,micro253
Palsa.Unlabelled.R3.T3.F1.trimmomatic.metaspades_bin.99_77.59_0.98,micro252
Bog.Unlabelled.R3.T2.F1.trimmomatic.metaspades_bin.170_83.72_0.87,micro251
Palsa.Unlabelled.R3.T3.F1.trimmomatic.metaspades_bin.16_96.86_2.42,micro250
20120500_P28_10,micro249
Bog.Labelled.R2.T1.F3.trimmomatic.megahit_bin.3_74.36_1.22,micro248
Palsa.Unlabelled.R2.T3.F3.trimmomatic.megahit_bin.218_97.31_1.44,micro247
Bog.Unlabelled.R3.T1.F1.trimmomatic.metaspades_bin.28_77.90_3.26,micro246
20120500_P28_8,micro245
20120500_P17_6,micro244
20111000_P3M_27,micro243
3300031525_28,micro242
20120700_P3D_19,micro241
Bog.Unlabelled.R3.T3.F1.trimmomatic.metaspades_bin.66_96.66_1.53,micro240
20120700_P3D_41,micro239
3300036884_17,micro238
3300037549_14,micro237
20120700_P3D_78,micro236
3300037359_10,micro235
20120800_E1X_14,micro234
3300037361_7,micro233
PLBS01,micro232
20120700_P3D_64,micro231
20120600_E2D_49,micro230
20120600_E3D_37,micro229
Bog.None.R1.T0.trimmomatic.megahit_bin.338_87.35_4.23,micro228
20120700_S1D_35,micro227
Bog.Labelled.R1.T2.F1.trimmomatic.megahit_bin.69_82.85_0.58,micro226
3300037140_10,micro225
20120800_E3D_5,micro224
20160700_E25_5,micro223
Fen.Unlabelled.R3.T2.F3.trimmomatic.megahit_bin.16_89.30_6.01,micro222
Fen.Unlabelled.R1.T2.F2.trimmomatic.metaspades_bin.7_84.67_0.88,micro221
PMDM01,micro220
20120600_E3D_8,micro219
Palsa.Unlabelled.R1.T3.F3.JGI.BFC.metaspades_bin.65_90.18_2.07,micro218
Palsa.Labelled.R2.T2.F3.trimmomatic.metaspades_bin.7_84.01_7.43,micro217
Palsa.Labelled.R3.T3.F3.trimmomatic.megahit_bin.118_74.31_0.00,micro216
Palsa.Unlabelled.R1.T2.F2.JGI.BFC.metaspades_bin.21_98.78_0.86,micro215
Palsa.Unlabelled.R1.T2.F2.JGI.BFC.metaspades_bin.34_83.32_1.69,micro214
Palsa.Unlabelled.R2.T2.F2.JGI.BFC.metaspades_bin.5_98.37_2.25,micro213
20120800_E1X_5,micro212
20110800_S3S_21,micro211
20150700_P24_8,micro210
Bog.None.R1.T0.trimmomatic.megahit_bin.316_95.55_4.21,micro209
Bog.None.R3.T0.trimmomatic.megahit_bin.383_96.18_3.47,micro208
20111000_P2M_2,micro207
20140700_S31_11,micro206
Palsa.Unlabelled.R1.T3.F3.trimmomatic.metaspades_bin.82_91.99_3.21,micro205
Palsa.None.R2.T0.JGI.BFC.metaspades_bin.21_97.13_1.25,micro204
20111000_S3M_6,micro203
20160700_S23_8,micro202
20111000_S2M_4,micro201
20111000_S3S_4,micro200
20110800_S2M_9,micro199
20111000_S3S_11,micro198
20160700_S14_9,micro197
Bog.None.R2.T0.trimmomatic.megahit_bin.358_96.68_6.10,micro196
Palsa.Unlabelled.R3.T3.F2.trimmomatic.metaspades_bin.58_71.79_7.57,micro195
20110600_P2S_2,micro194
Palsa.Unlabelled.R2.T3.F3.trimmomatic.megahit_bin.256_72.59_0.86,micro193
20120700_P3D_143,micro192
PMCJ01,micro191
20120700_S1D_45,micro190
20110700_P3S_8,micro189
20170700_P23_1,micro188
20110800_S3S_8,micro187
20160700_E21_6,micro186
20160700_P15_9,micro185
20110800_S3S_13,micro184
Palsa.Unlabelled.R1.T3.F2.trimmomatic.megahit_bin.36_77.59_1.72,micro183
20150700_P21_10,micro182
20111000_P1M_7,micro181
20120600_P3D_3,micro180
Palsa.Unlabelled.R2.T3.F3.trimmomatic.megahit_bin.116_93.98_2.97,micro179
Palsa.Unlabelled.R2.T3.F3.trimmomatic.megahit_bin.177_70.33_7.55,micro178
20150700_P21_2,micro177
20111000_P1M_5,micro176
20120600_P3M_5,micro175
20120700_P3D_85,micro174
20120700_P2D_8,micro173
20170700_P34_1,micro172
20110800_P3M_11,micro171
20120500_P32_2,micro170
20120600_P3M_10,micro169
Bog.Unlabelled.R3.T1.F3.JGI.BFC.metaspades_bin.11_87.40_5.27,micro168
Palsa.Unlabelled.R2.T3.F3.JGI.BFC.metaspades_bin.5_87.01_6.92,micro167
20120500_P31_3,micro166
20150700_S23_2,micro165
20110600_P1M_8,micro164
20150700_P21_1,micro163
Palsa.Labelled.R1.T1.F2.trimmomatic.megahit_bin.16_70.72_6.45,micro162
20160700_S33_6,micro161
Palsa.Unlabelled.R1.T3.F3.trimmomatic.metaspades_bin.94_89.19_4.42,micro160
20160700_P15_17,micro159
Palsa.Unlabelled.R2.T3.F3.JGI.BFC.metaspades_bin.203_90.06_2.84,micro158
20140700_S33_15,micro157
Palsa.Unlabelled.R2.T3.F3.trimmomatic.megahit_bin.241_91.03_4.38,micro156
20111000_P3M_40,micro155
20100900_E3S_1,micro154
PMCP01,micro153
Palsa.Unlabelled.R2.T3.F3.JGI.BFC.metaspades_bin.248_72.59_2.59,micro152
3300022861_3,micro151
PLXM01,micro150
Bog.None.R3.T0.JGI.BFC.metaspades_bin.340_100.00_1.76,micro149
Bog.Labelled.R2.T3.F3.JGI.BFC.metaspades_bin.98_100.00_0.89,micro148
20120700_S1D_20,micro147
Bog.Unlabelled.R2.T3.F1.trimmomatic.metaspades_bin.11_95.85_2.84,micro146
Bog.None.R1.T0.trimmomatic.megahit_bin.343_79.15_3.48,micro145
20160700_S13_19,micro144
3300037196_13,micro143
20120700_S1D_52,micro142
Bog.Labelled.R3.T1.F3.trimmomatic.megahit_bin.44_93.46_0.05,micro141
20110800_S3S_33,micro140
Bog.None.R2.T0.trimmomatic.megahit_bin.319_70.21_1.04,micro139
Bog.Unlabelled.R2.T3.F3.trimmomatic.metaspades_bin.116_93.32_2.25,micro138
20150700_S21_9,micro137
20120700_S1D_95,micro136
Palsa.Unlabelled.R1.T2.F3.trimmomatic.metaspades_bin.27_81.74_0.87,micro135
20130700_P1Y_8,micro134
PLXO01,micro133
20170700_S33_24,micro132
Bog.Unlabelled.R3.T3.F3.JGI.BFC.metaspades_bin.56_97.76_1.08,micro131
20120500_P28_6,micro130
20110800_S3S_28,micro129
PLTJ01,micro128
20150700_E23_13,micro127
Bog.Unlabelled.R3.T3.F3.JGI.BFC.metaspades_bin.22_74.64_1.66,micro126
Palsa.Unlabelled.R2.T3.F3.JGI.BFC.metaspades_bin.189_99.25_4.26,micro125
Bog.Unlabelled.R3.T1.F3.trimmomatic.megahit_bin.129_91.29_3.23,micro124
Bog.Unlabelled.R3.T3.F3.trimmomatic.metaspades_bin.78_85.95_1.00,micro123
Bog.Unlabelled.R3.T2.F3.trimmomatic.metaspades_bin.15_94.63_0.85,micro122
Bog.None.R1.T0.trimmomatic.megahit_bin.390_88.96_3.68,micro121
PLSL01,micro120
20111000_S3S_5,micro119
3300037243_8,micro118
Bog.None.R1.T0.trimmomatic.megahit_bin.192_94.47_2.50,micro117
Bog.Labelled.R3.T2.F3.trimmomatic.metaspades_bin.139_70.64_1.24,micro116
Bog.Unlabelled.R3.T3.F3.trimmomatic.metaspades_bin.162_74.65_1.37,micro115
Palsa.Unlabelled.R1.T3.F3.trimmomatic.metaspades_bin.77_83.91_2.81,micro114
20120700_P3D_34,micro113
Bog.Unlabelled.R3.T1.F3.trimmomatic.metaspades_bin.144_72.18_2.39,micro112
Palsa.Unlabelled.R2.T3.F3.JGI.BFC.metaspades_bin.307_96.20_1.65,micro111
20120700_P3D_74,micro110
20110700_P3M_3,micro109
20160700_P15_15,micro108
20110700_P3S_3,micro107
20110800_P1M_20,micro106
Bog.None.R1.T0.trimmomatic.megahit_bin.85_97.01_0.10,micro105
Palsa.Unlabelled.R2.T3.F3.JGI.BFC.metaspades_bin.45_95.85_2.93,micro104
Bog.Labelled.R3.T2.F3.trimmomatic.metaspades_bin.65_95.86_0.00,micro103
Bog.Unlabelled.R3.T1.F3.trimmomatic.megahit_bin.181_80.47_3.36,micro102
PLXI01,micro101
20111000_P3M_9,micro100
PMBZ01,micro99
20110800_P2D_9,micro98
Bog.Unlabelled.R3.T1.F3.trimmomatic.metaspades_bin.150_70.93_7.86,micro97
Bog.Unlabelled.R3.T3.F3.JGI.BFC.metaspades_bin.2_81.64_4.58,micro96
3300038476_2,micro95
Bog.Unlabelled.R3.T1.F3.JGI.BFC.metaspades_bin.133_95.29_6.77,micro94
20170700_S35_14,micro93
20110800_P1M_21,micro92
20110600_P1D_1,micro91
20150700_P23_7,micro90
20140700_S21_6,micro89
20120700_S1D_87,micro88
Palsa.None.R2.T0.JGI.BFC.metaspades_bin.320_77.36_1.34,micro87
20120700_P2M_1,micro86
20120700_P3D_87,micro85
20110800_P1D_38,micro84
20150700_S21_2,micro83
20110800_P1M_9,micro82
20170700_P24_2,micro81
20120700_P2D_11,micro80
Palsa.None.R2.T0.JGI.BFC.metaspades_bin.307_94.82_5.10,micro79
PLBP01,micro78
Palsa.None.R2.T0.JGI.BFC.metaspades_bin.298_98.43_2.66,micro77
3300036888_6,micro76
3300037360_7,micro75
20120700_S1D_27,micro74
Bog.Unlabelled.R3.T3.F3.trimmomatic.metaspades_bin.132_81.32_1.30,micro73
Bog.None.R1.T0.trimmomatic.megahit_bin.264_75.64_3.36,micro72
Bog.Unlabelled.R3.T1.F3.JGI.BFC.metaspades_bin.74_92.32_2.91,micro71
Bog.Unlabelled.R3.T1.F3.trimmomatic.metaspades_bin.134_78.37_6.24,micro70
20120700_P3S_1,micro69
20120700_P3D_124,micro68
3300037040_8,micro67
20120700_P3D_148,micro66
20140700_S12_15,micro65
20120700_S1D_31,micro64
20150700_E23_7,micro63
Bog.Unlabelled.R3.T1.F2.trimmomatic.metaspades_bin.145_91.02_1.42,micro62
20120700_S1D_6,micro61
20120600_E1D_34,micro60
Fen.Labelled.R2.T3.F4.trimmomatic.metaspades_bin.73_90.14_2.82,micro59
20120700_S1D_106,micro58
20170700_S35_4,micro57
20130700_S1X_7,micro56
20120700_P3D_132,micro55
20120700_P3D_58,micro54
Bog.None.R2.T0.JGI.BFC.metaspades_bin.335_92.02_1.58,micro53
20120600_E2D_19,micro52
20110800_P1M_25,micro51
20120500_P32_8,micro50
Palsa.None.R2.T0.JGI.BFC.metaspades_bin.300_98.33_0.91,micro49
Palsa.None.R2.T0.JGI.BFC.metaspades_bin.140_93.10_9.25,micro48
20110800_P1S_2,micro47
Palsa.Unlabelled.R2.T3.F3.JGI.BFC.metaspades_bin.109_80.72_7.50,micro46
20111000_P1D_15,micro45
Fen.Labelled.R1.T3.F4.trimmomatic.metaspades_bin.40_93.84_3.50,micro44
20111000_S3S_9,micro43
20111000_S3S_12,micro42
PMOM01,micro41
Bog.Unlabelled.R3.T1.F3.trimmomatic.metaspades_bin.132_70.89_4.33,micro40
Palsa.Unlabelled.R1.T3.F3.trimmomatic.metaspades_bin.142_77.88_5.57,micro39
Palsa.Unlabelled.R2.T3.F3.JGI.BFC.metaspades_bin.145_89.00_3.30,micro38
20110800_P2D_1,micro37
3300037054_6,micro36
3300036901_8,micro35
3300037139_5,micro34
20120700_P3D_75,micro33
PLSW01,micro32
Palsa.Unlabelled.R2.T3.F3.JGI.BFC.metaspades_bin.290_88.99_3.63,micro31
Palsa.Unlabelled.R3.T3.F3.trimmomatic.megahit_bin.54_78.93_5.43,micro30
Bog.Unlabelled.R3.T1.F3.trimmomatic.metaspades_bin.4_95.88_2.80,micro29
20120700_S1D_84,micro28
3300037549_12,micro27
Bog.Unlabelled.R3.T1.F3.trimmomatic.metaspades_bin.185_88.24_2.99,micro26
Bog.Unlabelled.R3.T1.F3.JGI.BFC.metaspades_bin.75_99.00_0.81,micro25
Palsa.Unlabelled.R1.T3.F3.trimmomatic.megahit_bin.171_99.39_2.58,micro24
20110800_E3D_3,micro23
20120700_S1D_28,micro22
Bog.None.R2.T0.trimmomatic.megahit_bin.355_93.52_0.93,micro21
Bog.None.R2.T0.trimmomatic.megahit_bin.26_93.67_0.93,micro20
Palsa.None.R2.T0.JGI.BFC.metaspades_bin.132_71.57_6.17,micro19
3300037149_6,micro18
20111000_S2S_6,micro17
Bog.None.R1.T0.trimmomatic.megahit_bin.289_96.76_2.78,micro16
Fen.Labelled.R3.T1.F2.trimmomatic.metaspades_bin.15_97.73_2.19,micro15
Fen.Labelled.R3.T2.F2.trimmomatic.megahit_bin.3_95.51_0.77,micro14
20120500_P28_3,micro13
20120500_P19_9,micro12
20120500_P28_9,micro11
Fen.Unlabelled.R2.T3.F2.trimmomatic.metaspades_bin.22_97.12_0.14,micro10
20130700_C2D_7,micro9
3300023254_8,micro8
Bog.Unlabelled.R1.T2.F1.trimmomatic.megahit_bin.58_99.83_0.95,micro7
3300037196_14,micro6
20170700_S34_11,micro5
20120500_P19_11,micro4
20170700_S35_7,micro3
3300037175_6,micro2
PKWS01,micro1
